{"cameraMode":{"drawMode":0,"name":"Shaded","section":"Shading Mode"},"sceneLighting":false,"audioPlay":false,"sceneViewState":{"showFog":true,"showMaterialUpdate":false,"showSkybox":false,"showFlares":true,"showImageEffects":true,"showParticleSystems":true},"in2DMode":false,"pivot":{"x":-0.050000011920928958,"y":6.862871170043945,"z":0.0},"rotation":{"x":-0.14677751064300538,"y":-0.0008931339252740145,"z":0.00013240483531262726,"w":-0.9891701340675354},"size":1.0095624923706055,"orthographic":false}