{"cameraMode":{"drawMode":0,"name":"Shaded","section":"Shading Mode"},"sceneLighting":false,"audioPlay":false,"sceneViewState":{"showFog":true,"showMaterialUpdate":false,"showSkybox":false,"showFlares":true,"showImageEffects":true,"showParticleSystems":true},"in2DMode":false,"pivot":{"x":0.0,"y":3.4531586170196535,"z":0.05995607376098633},"rotation":{"x":0.00565590662881732,"y":-0.11166819930076599,"z":-0.0006318303057923913,"w":-0.9937403202056885},"size":1.0495541095733643,"orthographic":true}