{"cameraMode":{"drawMode":0,"name":"Shaded","section":"Shading Mode"},"sceneLighting":true,"audioPlay":false,"sceneViewState":{"showFog":true,"showMaterialUpdate":false,"showSkybox":true,"showFlares":true,"showImageEffects":true,"showParticleSystems":true},"in2DMode":false,"pivot":{"x":-23.097713470458986,"y":-4.268028259277344,"z":-4.62454080581665},"rotation":{"x":0.05694170668721199,"y":-0.7705870270729065,"z":0.0695398822426796,"w":0.6309713125228882},"size":14.620497703552246,"orthographic":false}